,negative,positive
0,88.5,304.8333333333333
1,18.5,99.0
2,4.166666666666667,23.833333333333332
3,142.16666666666666,187.5
4,0.3333333333333333,3.5
5,22.5,46.166666666666664
6,1.0,3.5
7,15.166666666666666,23.833333333333332
8,44.333333333333336,52.833333333333336
9,37.833333333333336,27.0
10,17.333333333333332,30.833333333333332
11,30.5,40.333333333333336
12,14.333333333333334,56.0
13,8.666666666666666,46.5
14,1.1666666666666667,5.0
15,8.333333333333334,30.0
16,3.6666666666666665,4.0
17,31.333333333333332,53.0
18,13.333333333333334,25.166666666666668
19,5.166666666666667,12.666666666666666
20,66.5,90.33333333333333
21,5.333333333333333,10.333333333333334
22,2.3333333333333335,4.166666666666667
23,13.666666666666666,16.0
24,10.333333333333334,61.5
25,7.666666666666667,16.166666666666668
26,25.833333333333332,43.166666666666664
27,16.0,24.666666666666668
28,1.0,12.5
29,276.8333333333333,290.1666666666667
30,2.0,11.333333333333334
31,0.8333333333333334,2.3333333333333335
32,1.3333333333333333,3.1666666666666665
33,2.1666666666666665,6.333333333333333
34,3.6666666666666665,21.166666666666668
35,0.6666666666666666,2.6666666666666665
36,4.833333333333333,11.666666666666666
37,152.5,168.83333333333334
38,11.666666666666666,14.833333333333334
39,12.666666666666666,15.333333333333334
40,36.333333333333336,44.0
41,5.5,6.5
42,0.8333333333333334,2.5
43,55.333333333333336,68.83333333333333
44,8.5,15.833333333333334
45,1.5,6.666666666666667
46,1.3333333333333333,7.166666666666667
47,9.333333333333334,21.333333333333332
48,11.5,13.333333333333334
49,26.166666666666668,27.333333333333332
50,1.5,2.0
51,1.6666666666666667,5.333333333333333
52,9.666666666666666,5.666666666666667
53,3.0,12.333333333333334
54,17.333333333333332,23.833333333333332
55,3.1666666666666665,9.333333333333334
56,3.5,7.5
57,13.0,37.0
58,2.6666666666666665,6.666666666666667
59,166.66666666666666,305.6666666666667
60,23.166666666666668,49.166666666666664
61,45.833333333333336,62.5
62,0.5,4.5
63,3.0,6.333333333333333
64,2.3333333333333335,5.5
65,2.1666666666666665,1.8333333333333333
66,1.6666666666666667,8.666666666666666
67,9.5,19.166666666666668
68,13.166666666666666,20.666666666666668
69,1.1666666666666667,5.666666666666667
70,1.0,4.166666666666667
71,10.833333333333334,7.333333333333333
72,9.5,45.666666666666664
73,3.0,13.0
74,14.666666666666666,19.666666666666668
75,16.0,25.166666666666668
76,49.0,69.0
77,18.333333333333332,32.666666666666664
78,9.166666666666666,18.833333333333332
79,21.666666666666668,35.0
80,74.0,135.5
81,10.333333333333334,15.333333333333334
82,23.833333333333332,25.166666666666668
83,5.166666666666667,12.0
84,16.0,39.166666666666664
85,8.833333333333334,10.0
86,62.0,102.5
87,3.0,8.5
88,3.8333333333333335,7.166666666666667
89,23.833333333333332,37.0
90,17.0,28.0
91,6.833333333333333,21.0
92,16.166666666666668,91.16666666666667
93,28.833333333333332,40.333333333333336
94,5.833333333333333,8.166666666666666
95,55.5,143.83333333333334
96,18.0,23.5
97,1.6666666666666667,11.5
98,17.166666666666668,23.833333333333332
99,8.0,13.833333333333334
100,4.333333333333333,5.0
101,6.333333333333333,7.166666666666667
102,0.5,3.1666666666666665
103,65.16666666666667,95.83333333333333
104,13.333333333333334,22.5
105,6.333333333333333,12.666666666666666
106,10.166666666666666,23.833333333333332
107,1.0,4.666666666666667
108,0.6666666666666666,4.666666666666667
109,4.833333333333333,4.833333333333333
110,1.6666666666666667,9.333333333333334
111,14.833333333333334,30.333333333333332
112,3.5,9.666666666666666
113,0.8333333333333334,2.8333333333333335
114,30.333333333333332,45.666666666666664
115,0.5,2.5
116,0.6666666666666666,2.8333333333333335
117,2.3333333333333335,5.333333333333333
118,1.8333333333333333,2.3333333333333335
119,4.0,4.666666666666667
120,0.3333333333333333,2.6666666666666665
121,0.6666666666666666,4.833333333333333
122,9.166666666666666,15.0
123,5.5,8.833333333333334
124,17.5,31.166666666666668
125,2.3333333333333335,9.0
126,61.166666666666664,102.16666666666667
127,2.1666666666666665,10.0
128,18.0,43.333333333333336
129,5.5,10.833333333333334
130,33.833333333333336,48.666666666666664
131,14.0,21.333333333333332
132,1.6666666666666667,5.333333333333333
133,2.6666666666666665,6.333333333333333
134,13.0,34.5
135,1.8333333333333333,8.166666666666666
136,6.0,9.5
137,5.833333333333333,9.5
138,9.5,21.666666666666668
139,3.0,9.0
140,1.6666666666666667,6.0
141,6.333333333333333,15.333333333333334
142,1.1666666666666667,3.0
143,26.166666666666668,47.833333333333336
144,2.5,1.1666666666666667
145,11.833333333333334,17.5
146,2.6666666666666665,4.0
147,20.5,38.0
148,34.833333333333336,47.666666666666664
149,29.333333333333332,35.166666666666664
150,13.333333333333334,29.333333333333332
151,56.166666666666664,70.5
152,7.5,16.166666666666668
153,4.0,9.0
154,7.833333333333333,8.833333333333334
155,4.333333333333333,7.333333333333333
156,30.5,63.333333333333336
157,20.166666666666668,34.666666666666664
158,1.6666666666666667,3.5
159,5.333333333333333,17.5
160,33.333333333333336,51.833333333333336
161,21.333333333333332,38.666666666666664
162,20.5,34.833333333333336
163,9.0,13.166666666666666
164,14.166666666666666,24.666666666666668
165,16.5,39.0
166,1.8333333333333333,4.333333333333333
167,5.333333333333333,11.833333333333334
168,12.833333333333334,17.833333333333332
169,14.666666666666666,23.666666666666668
170,19.833333333333332,24.0
171,1.6666666666666667,2.6666666666666665
172,71.5,34.333333333333336
173,1.1666666666666667,3.5
174,7.666666666666667,16.0
175,44.833333333333336,70.16666666666667
176,3.0,5.833333333333333
177,5.5,20.333333333333332
178,5.333333333333333,11.666666666666666
179,69.33333333333333,79.83333333333333
180,27.833333333333332,47.0
181,1.5,5.0
182,33.0,52.166666666666664
183,10.0,17.0
184,4.0,21.166666666666668
185,6.833333333333333,9.5
186,2.1666666666666665,2.1666666666666665
187,0.16666666666666666,3.6666666666666665
188,10.333333333333334,18.5
189,1.0,1.5
190,25.166666666666668,53.333333333333336
191,12.0,21.666666666666668
192,21.0,22.833333333333332
193,1.0,6.666666666666667
194,14.666666666666666,22.5
195,19.833333333333332,26.5
196,0.8333333333333334,3.3333333333333335
197,1.8333333333333333,7.333333333333333
198,8.666666666666666,14.0
199,1.3333333333333333,8.5
200,10.166666666666666,18.0
201,17.333333333333332,19.5
202,10.833333333333334,19.166666666666668
203,43.166666666666664,16.833333333333332
204,0.5,2.5
205,0.5,2.5
206,3.3333333333333335,50.666666666666664
207,13.333333333333334,13.333333333333334
208,1.0,5.833333333333333
209,12.0,53.166666666666664
210,12.0,6.833333333333333
211,0.8333333333333334,2.1666666666666665
212,5.333333333333333,13.166666666666666
213,16.666666666666668,22.666666666666668
214,8.666666666666666,27.166666666666668
215,15.166666666666666,26.833333333333332
216,2.8333333333333335,5.833333333333333
217,18.166666666666668,24.166666666666668
218,3.1666666666666665,1.8333333333333333
219,25.333333333333332,40.5
220,1.1666666666666667,9.0
221,2.0,4.0
222,0.16666666666666666,5.666666666666667
223,2.0,8.333333333333334
224,16.5,14.0
225,13.5,11.833333333333334
226,1.5,8.333333333333334
227,28.833333333333332,24.166666666666668
228,13.333333333333334,20.166666666666668
229,0.8333333333333334,6.5
230,2.5,44.166666666666664
231,2.8333333333333335,4.833333333333333
232,22.0,40.666666666666664
233,11.666666666666666,25.833333333333332
234,13.166666666666666,21.0
235,2.8333333333333335,5.833333333333333
236,22.666666666666668,39.0
237,20.333333333333332,32.5
238,0.3333333333333333,2.8333333333333335
239,5.833333333333333,11.666666666666666
240,3.1666666666666665,7.0
241,21.666666666666668,23.333333333333332
242,0.6666666666666666,4.333333333333333
243,11.166666666666666,15.166666666666666
244,1.6666666666666667,2.1666666666666665
245,7.0,11.833333333333334
246,4.5,6.5
247,23.0,33.666666666666664
248,16.333333333333332,14.666666666666666
249,48.0,18.5
250,5.5,4.666666666666667
251,9.666666666666666,16.333333333333332
252,11.166666666666666,17.166666666666668
253,13.166666666666666,12.0
254,13.666666666666666,15.333333333333334
255,1.0,4.0
256,5.833333333333333,2.5
257,2.6666666666666665,3.5
258,42.333333333333336,34.333333333333336
259,3.0,8.0
260,4.833333333333333,7.333333333333333
261,2.8333333333333335,6.0
262,1.6666666666666667,4.166666666666667
263,8.333333333333334,8.666666666666666
264,1.6666666666666667,1.6666666666666667
265,9.666666666666666,12.333333333333334
266,10.166666666666666,39.0
267,9.0,6.0
268,98.16666666666667,94.16666666666667
269,1.5,2.3333333333333335
270,1.0,3.1666666666666665
271,2.5,2.0
272,2.8333333333333335,4.833333333333333
273,0.5,2.8333333333333335
274,8.166666666666666,22.0
275,5.166666666666667,15.166666666666666
276,1.5,2.6666666666666665
277,10.5,15.666666666666666
278,11.0,11.0
279,1.3333333333333333,1.5
280,1.1666666666666667,3.1666666666666665
281,2.0,3.5
282,7.5,10.5
283,6.833333333333333,4.166666666666667
284,3.0,2.3333333333333335
285,7.166666666666667,4.666666666666667
286,1.8333333333333333,2.0
287,3.3333333333333335,4.333333333333333
288,12.0,13.5
289,34.833333333333336,38.166666666666664
290,6.5,11.666666666666666
291,5.166666666666667,10.833333333333334
292,5.0,4.666666666666667
293,2.1666666666666665,1.5
294,2.8333333333333335,3.8333333333333335
295,1.3333333333333333,2.5
296,7.666666666666667,4.0
297,9.333333333333334,12.166666666666666
298,13.166666666666666,20.666666666666668
299,3.1666666666666665,3.0
300,3.8333333333333335,2.3333333333333335
301,0.16666666666666666,4.0
302,20.333333333333332,57.833333333333336
303,4.0,1.1666666666666667
304,17.166666666666668,33.0
305,4.333333333333333,5.166666666666667
306,2.3333333333333335,2.6666666666666665
307,4.166666666666667,12.666666666666666
308,7.666666666666667,3.5
309,0.3333333333333333,2.5
310,5.0,5.5
311,0.8333333333333334,2.8333333333333335
312,7.833333333333333,12.666666666666666
313,6.666666666666667,4.666666666666667
314,17.666666666666668,16.333333333333332
315,1.3333333333333333,2.0
316,36.666666666666664,41.0
317,1.8333333333333333,1.1666666666666667
318,20.666666666666668,22.333333333333332
319,41.0,35.5
320,6.666666666666667,9.166666666666666
321,4.5,5.833333333333333
322,30.166666666666668,21.166666666666668
323,1.5,3.6666666666666665
324,15.333333333333334,16.0
325,0.16666666666666666,3.1666666666666665
326,1.3333333333333333,2.3333333333333335
327,39.0,12.666666666666666
328,5.5,5.833333333333333
329,13.166666666666666,21.666666666666668
330,50.166666666666664,17.166666666666668
331,1.0,3.0
332,5.166666666666667,6.166666666666667
333,4.833333333333333,4.5
334,1.5,1.6666666666666667
335,3.5,5.666666666666667
336,19.833333333333332,14.833333333333334
337,1.1666666666666667,3.1666666666666665
338,3.3333333333333335,3.3333333333333335
339,1.1666666666666667,2.6666666666666665
340,5.333333333333333,3.6666666666666665
341,27.0,62.5
342,2.8333333333333335,5.833333333333333
343,3.0,10.0
344,0.8333333333333334,4.166666666666667
345,2.5,2.8333333333333335
346,9.0,7.333333333333333
347,3.0,2.1666666666666665
348,2.8333333333333335,0.3333333333333333
349,7.333333333333333,1.5
350,2.3333333333333335,2.1666666666666665
351,10.666666666666666,15.666666666666666
352,0.8333333333333334,3.5
353,1.6666666666666667,2.1666666666666665
354,20.833333333333332,45.666666666666664
355,0.5,2.5
356,4.166666666666667,5.666666666666667
357,3.1666666666666665,3.0
358,5.666666666666667,9.666666666666666
359,0.8333333333333334,2.5
360,7.5,3.0
361,4.833333333333333,10.0
362,2.1666666666666665,2.3333333333333335
363,19.666666666666668,11.666666666666666
364,11.833333333333334,47.166666666666664
365,30.5,24.666666666666668
366,4.5,7.166666666666667
367,4.833333333333333,1.8333333333333333
368,1.3333333333333333,1.3333333333333333
369,2.0,4.833333333333333
370,12.0,11.5
371,4.0,3.8333333333333335
372,40.0,42.166666666666664
373,6.833333333333333,10.333333333333334
374,1.3333333333333333,3.8333333333333335
375,1.0,2.0
376,0.6666666666666666,2.1666666666666665
377,35.833333333333336,53.166666666666664
378,32.166666666666664,30.166666666666668
379,0.3333333333333333,2.8333333333333335
380,11.666666666666666,14.333333333333334
381,3.8333333333333335,6.333333333333333
382,8.0,23.333333333333332
383,11.5,2.6666666666666665
384,14.666666666666666,22.666666666666668
385,20.333333333333332,11.333333333333334
386,9.666666666666666,13.833333333333334
387,9.0,10.333333333333334
388,7.666666666666667,8.5
389,8.5,15.666666666666666
390,2.6666666666666665,0.3333333333333333
391,9.666666666666666,9.5
392,18.666666666666668,43.333333333333336
393,1.6666666666666667,1.1666666666666667
394,8.166666666666666,7.5
395,1.5,5.0
396,6.5,6.0
397,16.833333333333332,19.0
398,44.333333333333336,19.5
399,176.0,192.83333333333334
400,1.1666666666666667,5.5
401,0.6666666666666666,1.6666666666666667
402,50.166666666666664,62.5
403,3.6666666666666665,4.833333333333333
404,15.833333333333334,24.166666666666668
405,0.5,3.0
406,22.5,19.5
407,0.5,2.6666666666666665
408,1.5,11.166666666666666
409,1.3333333333333333,5.666666666666667
410,3.3333333333333335,3.5
411,3.8333333333333335,5.0
412,0.6666666666666666,11.166666666666666
413,0.16666666666666666,2.6666666666666665
414,7.833333333333333,8.333333333333334
415,81.33333333333333,81.66666666666667
416,4.0,8.0
417,8.5,10.333333333333334
418,15.666666666666666,20.333333333333332
419,0.3333333333333333,6.833333333333333
420,2.0,4.666666666666667
421,13.333333333333334,23.666666666666668
422,2.1666666666666665,3.5
423,49.833333333333336,47.833333333333336
424,1.3333333333333333,2.8333333333333335
425,13.666666666666666,15.333333333333334
426,7.333333333333333,42.5
427,1.3333333333333333,3.3333333333333335
428,3.0,5.0
429,24.166666666666668,12.833333333333334
430,6.0,4.166666666666667
431,2.8333333333333335,6.333333333333333
432,10.166666666666666,13.5
433,2.8333333333333335,13.833333333333334
434,3.6666666666666665,4.0
435,4.666666666666667,7.0
436,15.5,15.666666666666666
437,13.666666666666666,8.0
438,1.3333333333333333,3.3333333333333335
439,2.6666666666666665,3.1666666666666665
440,33.5,49.833333333333336
441,38.833333333333336,38.833333333333336
442,2.5,2.3333333333333335
443,31.666666666666668,29.833333333333332
444,3.5,0.5
445,2.5,2.1666666666666665
446,3.1666666666666665,2.3333333333333335
447,5.833333333333333,6.166666666666667
448,7.0,10.5
449,1.3333333333333333,4.166666666666667
450,3.6666666666666665,7.333333333333333
451,17.5,19.833333333333332
452,25.333333333333332,40.333333333333336
453,1.5,7.666666666666667
454,2.0,3.0
455,5.0,29.166666666666668
456,10.833333333333334,10.666666666666666
457,10.333333333333334,18.0
458,3.5,9.5
459,14.333333333333334,7.5
460,1.3333333333333333,1.5
461,4.0,1.6666666666666667
462,10.166666666666666,3.3333333333333335
463,4.333333333333333,4.166666666666667
464,2.3333333333333335,1.8333333333333333
465,14.5,10.666666666666666
466,2.1666666666666665,4.333333333333333
467,13.333333333333334,15.333333333333334
468,1.8333333333333333,2.3333333333333335
469,5.333333333333333,5.166666666666667
470,14.0,11.666666666666666
471,3.8333333333333335,3.0
472,6.833333333333333,10.166666666666666
473,6.333333333333333,21.333333333333332
474,26.5,28.833333333333332
475,4.333333333333333,7.833333333333333
476,2.3333333333333335,4.0
477,2.1666666666666665,1.8333333333333333
478,7.166666666666667,3.5
479,5.5,5.333333333333333
480,0.5,3.3333333333333335
481,1.1666666666666667,5.166666666666667
482,5.833333333333333,2.3333333333333335
483,8.0,13.333333333333334
484,2.6666666666666665,5.666666666666667
485,2.5,4.333333333333333
486,11.0,11.833333333333334
487,4.166666666666667,6.0
488,23.166666666666668,20.5
489,18.333333333333332,18.5
490,7.333333333333333,4.5
491,11.166666666666666,14.666666666666666
492,3.3333333333333335,1.6666666666666667
493,72.0,56.5
494,25.0,18.333333333333332
495,3.1666666666666665,7.666666666666667
496,4.166666666666667,5.333333333333333
497,110.33333333333333,118.83333333333333
498,2.5,2.3333333333333335
499,2.0,2.5
500,39.333333333333336,46.0
501,2.0,1.5
502,3.5,4.166666666666667
503,7.5,9.833333333333334
504,7.0,3.6666666666666665
505,5.333333333333333,4.0
506,3.0,1.5
507,0.16666666666666666,2.8333333333333335
508,2.1666666666666665,1.8333333333333333
509,1.3333333333333333,2.1666666666666665
510,17.833333333333332,21.333333333333332
511,8.666666666666666,12.166666666666666
512,45.0,43.166666666666664
513,4.166666666666667,5.166666666666667
514,5.666666666666667,7.166666666666667
515,11.333333333333334,7.333333333333333
516,9.666666666666666,7.666666666666667
517,0.8333333333333334,3.1666666666666665
518,7.333333333333333,10.666666666666666
519,5.0,5.5
520,6.333333333333333,7.166666666666667
521,8.5,8.166666666666666
522,11.333333333333334,13.166666666666666
523,3.3333333333333335,6.0
524,12.0,10.5
525,6.166666666666667,8.666666666666666
526,1.6666666666666667,5.5
527,3.3333333333333335,4.833333333333333
528,25.666666666666668,36.333333333333336
529,2.0,4.833333333333333
530,5.166666666666667,8.0
531,1.1666666666666667,4.5
532,3.5,3.3333333333333335
533,2.3333333333333335,4.666666666666667
534,34.333333333333336,27.5
535,68.5,70.16666666666667
536,4.0,6.666666666666667
537,17.666666666666668,22.333333333333332
538,2.0,3.1666666666666665
539,4.0,5.833333333333333
540,1.1666666666666667,2.8333333333333335
541,7.833333333333333,5.666666666666667
542,2.3333333333333335,3.1666666666666665
543,11.5,9.333333333333334
544,12.0,12.0
545,51.5,56.333333333333336
546,8.166666666666666,6.5
547,7.166666666666667,4.666666666666667
548,3.3333333333333335,7.5
549,54.833333333333336,26.333333333333332
550,6.5,5.166666666666667
551,4.5,9.0
552,3.1666666666666665,3.1666666666666665
553,2.1666666666666665,6.333333333333333
554,2.3333333333333335,2.3333333333333335
555,2.3333333333333335,4.5
556,4.333333333333333,3.8333333333333335
557,7.0,8.166666666666666
558,8.833333333333334,3.3333333333333335
559,3.3333333333333335,6.333333333333333
560,1.0,2.1666666666666665
561,3.0,5.666666666666667
562,1.0,4.333333333333333
563,1.3333333333333333,4.666666666666667
564,21.5,24.5
565,1.1666666666666667,5.5
566,3.3333333333333335,7.666666666666667
567,13.166666666666666,18.666666666666668
568,0.3333333333333333,3.0
569,0.6666666666666666,3.5
570,1.5,1.6666666666666667
571,3.5,11.5
572,0.5,3.0
573,22.0,26.5
574,0.3333333333333333,2.5
575,12.833333333333334,20.666666666666668
576,6.166666666666667,7.666666666666667
577,1.1666666666666667,2.1666666666666665
578,16.0,18.333333333333332
579,1.3333333333333333,3.0
580,3.1666666666666665,5.0
581,4.0,11.0
582,121.0,129.33333333333334
583,91.5,88.66666666666667
584,22.833333333333332,24.5
585,0.8333333333333334,2.3333333333333335
586,24.833333333333332,33.0
587,20.166666666666668,11.666666666666666
588,2.8333333333333335,3.3333333333333335
589,0.8333333333333334,1.8333333333333333
590,1.8333333333333333,1.8333333333333333
591,2.0,3.3333333333333335
592,3.3333333333333335,8.333333333333334
593,20.166666666666668,31.833333333333332
594,5.166666666666667,7.666666666666667
595,6.0,9.833333333333334
596,5.666666666666667,4.666666666666667
597,8.833333333333334,4.833333333333333
598,12.833333333333334,21.833333333333332
599,2.1666666666666665,7.0
600,3.1666666666666665,1.1666666666666667
601,7.0,7.333333333333333
602,26.5,30.333333333333332
603,22.166666666666668,23.666666666666668
604,3.6666666666666665,1.1666666666666667
605,3.1666666666666665,6.5
606,4.0,5.0
607,1.8333333333333333,5.333333333333333
608,2.3333333333333335,6.0
609,13.0,20.0
610,36.666666666666664,47.833333333333336
611,1.3333333333333333,1.1666666666666667
612,9.833333333333334,15.166666666666666
613,0.8333333333333334,1.8333333333333333
614,8.166666666666666,7.833333333333333
615,12.166666666666666,16.833333333333332
616,30.5,19.333333333333332
617,5.5,7.333333333333333
618,0.8333333333333334,1.1666666666666667
619,0.6666666666666666,1.8333333333333333
620,0.8333333333333334,2.6666666666666665
621,30.0,27.0
622,1.3333333333333333,1.3333333333333333
623,6.666666666666667,6.666666666666667
624,0.8333333333333334,5.5
625,10.0,5.0
626,10.666666666666666,6.166666666666667
627,15.666666666666666,11.166666666666666
628,14.166666666666666,10.833333333333334
629,102.66666666666667,112.83333333333333
630,18.333333333333332,12.333333333333334
631,15.666666666666666,5.666666666666667
632,5.166666666666667,2.5
633,8.833333333333334,7.0
634,2.8333333333333335,2.6666666666666665
635,5.666666666666667,13.0
636,4.833333333333333,4.333333333333333
637,2.3333333333333335,2.5
638,1.1666666666666667,4.0
639,3.0,6.0
640,1.8333333333333333,1.3333333333333333
641,1.6666666666666667,1.8333333333333333
642,2.5,4.166666666666667
643,5.833333333333333,12.833333333333334
644,0.6666666666666666,3.5
645,5.166666666666667,9.5
646,1.1666666666666667,2.1666666666666665
647,10.333333333333334,27.333333333333332
648,14.333333333333334,31.5
649,16.166666666666668,15.5
650,3.6666666666666665,3.6666666666666665
651,1.3333333333333333,2.1666666666666665
652,10.5,9.666666666666666
653,6.333333333333333,2.8333333333333335
654,0.3333333333333333,3.6666666666666665
655,1.5,2.8333333333333335
656,0.8333333333333334,2.6666666666666665
657,0.8333333333333334,1.8333333333333333
658,1.1666666666666667,2.6666666666666665
659,3.3333333333333335,8.333333333333334
660,1.3333333333333333,3.3333333333333335
661,1.1666666666666667,3.3333333333333335
662,3.3333333333333335,2.6666666666666665
663,0.16666666666666666,2.8333333333333335
664,30.333333333333332,27.833333333333332
665,13.666666666666666,23.0
666,30.666666666666668,23.833333333333332
667,1.3333333333333333,2.0
668,1.6666666666666667,2.5
669,1.3333333333333333,5.166666666666667
670,2.0,2.1666666666666665
671,5.833333333333333,7.333333333333333
672,24.0,8.166666666666666
673,3.8333333333333335,4.666666666666667
674,7.0,5.5
675,2.1666666666666665,2.5
676,2.8333333333333335,4.333333333333333
677,8.166666666666666,29.166666666666668
678,1.3333333333333333,2.6666666666666665
679,2.1666666666666665,3.0
680,3.1666666666666665,1.5
681,7.0,5.333333333333333
682,3.8333333333333335,3.3333333333333335
683,10.333333333333334,10.666666666666666
684,25.5,30.833333333333332
685,12.833333333333334,10.166666666666666
686,5.5,3.8333333333333335
687,1.5,1.3333333333333333
688,0.6666666666666666,2.1666666666666665
689,15.5,6.0
690,2.5,5.666666666666667
691,2.0,0.6666666666666666
692,1.3333333333333333,2.0
693,3.1666666666666665,5.333333333333333
694,0.5,3.5
695,3.0,2.8333333333333335
696,1.5,5.0
697,5.833333333333333,12.166666666666666
698,8.5,14.333333333333334
699,5.666666666666667,6.666666666666667
700,18.333333333333332,16.0
701,1.0,3.0
702,1.5,4.666666666666667
703,16.166666666666668,44.5
704,3.3333333333333335,8.333333333333334
705,10.666666666666666,4.5
706,16.166666666666668,33.166666666666664
707,5.0,5.666666666666667
708,1.1666666666666667,3.6666666666666665
709,8.666666666666666,9.833333333333334
710,2.0,2.1666666666666665
711,1.3333333333333333,1.6666666666666667
712,1.3333333333333333,2.5
713,5.0,3.6666666666666665
714,1.8333333333333333,1.0
715,5.0,2.1666666666666665
716,3.5,2.0
717,28.166666666666668,96.16666666666667
718,20.0,21.166666666666668
719,0.6666666666666666,2.6666666666666665
720,1.3333333333333333,2.8333333333333335
721,1.3333333333333333,3.1666666666666665
722,2.1666666666666665,2.3333333333333335
723,7.333333333333333,7.833333333333333
724,2.0,2.1666666666666665
725,2.8333333333333335,1.0
726,2.8333333333333335,1.8333333333333333
727,2.6666666666666665,8.166666666666666
728,1.6666666666666667,4.833333333333333
729,3.1666666666666665,2.1666666666666665
730,1.5,2.3333333333333335
731,9.166666666666666,21.333333333333332
732,13.166666666666666,15.833333333333334
733,3.6666666666666665,3.8333333333333335
734,9.0,2.8333333333333335
735,9.166666666666666,6.833333333333333
736,2.0,2.0
737,2.1666666666666665,1.1666666666666667
738,4.833333333333333,4.5
739,16.0,11.166666666666666
740,3.8333333333333335,2.5
741,1.5,1.3333333333333333
742,1.6666666666666667,4.666666666666667
743,8.166666666666666,14.0
744,4.666666666666667,3.3333333333333335
745,7.833333333333333,6.166666666666667
746,2.0,0.8333333333333334
747,8.833333333333334,39.5
748,3.1666666666666665,4.5
749,3.1666666666666665,4.5
750,6.333333333333333,4.666666666666667
751,1.3333333333333333,1.6666666666666667
752,1.3333333333333333,2.8333333333333335
753,3.3333333333333335,0.6666666666666666
754,2.6666666666666665,1.0
755,2.6666666666666665,2.6666666666666665
756,1.5,2.3333333333333335
757,1.6666666666666667,6.833333333333333
758,6.666666666666667,3.1666666666666665
759,2.1666666666666665,1.8333333333333333
760,1.6666666666666667,2.3333333333333335
761,1.1666666666666667,2.3333333333333335
762,2.8333333333333335,7.166666666666667
763,9.5,11.666666666666666
764,1.5,2.5
765,0.8333333333333334,2.1666666666666665
766,9.5,19.333333333333332
767,3.8333333333333335,1.8333333333333333
768,0.5,3.8333333333333335
769,3.5,7.833333333333333
770,2.1666666666666665,1.3333333333333333
771,2.6666666666666665,2.5
772,6.5,4.166666666666667
773,1.8333333333333333,1.3333333333333333
774,3.5,1.3333333333333333
775,8.166666666666666,7.666666666666667
776,2.0,1.0
777,2.0,10.666666666666666
778,2.0,3.0
779,2.1666666666666665,2.1666666666666665
780,1.3333333333333333,2.8333333333333335
781,0.5,4.666666666666667
782,1.5,6.0
783,7.166666666666667,5.833333333333333
784,5.666666666666667,3.0
785,0.8333333333333334,2.1666666666666665
786,2.1666666666666665,5.166666666666667
787,1.0,2.1666666666666665
788,4.5,7.833333333333333
789,2.6666666666666665,2.3333333333333335
790,2.5,2.0
791,1.1666666666666667,3.0
792,1.8333333333333333,1.6666666666666667
793,1.6666666666666667,3.0
794,13.833333333333334,70.66666666666667
795,1.1666666666666667,1.8333333333333333
796,1.1666666666666667,3.8333333333333335
797,5.666666666666667,7.666666666666667
798,2.5,6.0
799,1.6666666666666667,2.3333333333333335
800,3.5,11.166666666666666
801,4.666666666666667,3.3333333333333335
802,2.0,2.1666666666666665
803,2.3333333333333335,2.1666666666666665
804,1.0,3.5
805,1.8333333333333333,2.3333333333333335
806,1.5,3.1666666666666665
807,5.5,5.166666666666667
808,2.6666666666666665,15.333333333333334
809,2.1666666666666665,3.8333333333333335
810,2.3333333333333335,4.166666666666667
811,4.5,5.5
812,0.6666666666666666,1.8333333333333333
813,2.1666666666666665,4.0
814,0.6666666666666666,1.8333333333333333
815,2.1666666666666665,3.3333333333333335
816,3.3333333333333335,4.166666666666667
817,4.833333333333333,3.8333333333333335
818,6.333333333333333,19.166666666666668
819,1.1666666666666667,1.5
820,1.5,1.3333333333333333
821,0.5,1.8333333333333333
822,1.5,2.0
823,6.5,0.8333333333333334
824,5.0,5.0
825,1.8333333333333333,2.8333333333333335
826,1.8333333333333333,4.166666666666667
827,6.166666666666667,4.5
828,1.1666666666666667,5.5
829,1.1666666666666667,2.5
830,6.166666666666667,0.8333333333333334
831,2.5,4.0
832,1.3333333333333333,2.1666666666666665
833,4.0,2.5
834,2.3333333333333335,5.5
835,3.0,2.3333333333333335
836,2.8333333333333335,0.6666666666666666
837,4.0,2.5
838,5.666666666666667,2.8333333333333335
839,1.5,1.6666666666666667
840,1.8333333333333333,2.0
841,4.333333333333333,4.5
842,9.5,3.8333333333333335
843,8.333333333333334,9.166666666666666
844,1.5,1.1666666666666667
845,2.6666666666666665,12.333333333333334
846,1.0,3.6666666666666665
847,1.8333333333333333,2.5
848,2.3333333333333335,1.1666666666666667
849,7.333333333333333,9.5
850,6.333333333333333,0.0
851,0.6666666666666666,3.0
852,2.5,2.5
853,1.6666666666666667,2.5
854,6.333333333333333,2.6666666666666665
855,2.6666666666666665,3.6666666666666665
856,2.0,7.333333333333333
857,1.8333333333333333,2.1666666666666665
858,2.6666666666666665,1.5
859,1.3333333333333333,1.5
860,2.1666666666666665,8.0
861,1.8333333333333333,2.6666666666666665
862,8.166666666666666,11.333333333333334
863,4.0,2.0
864,2.0,1.3333333333333333
865,3.0,3.3333333333333335
866,1.6666666666666667,2.6666666666666665
867,1.6666666666666667,2.3333333333333335
868,0.8333333333333334,1.5
869,3.1666666666666665,8.333333333333334
870,2.8333333333333335,6.166666666666667
871,3.0,4.333333333333333
872,0.3333333333333333,4.666666666666667
873,2.0,2.5
874,9.5,13.666666666666666
875,0.8333333333333334,1.8333333333333333
876,1.5,6.166666666666667
877,2.1666666666666665,3.3333333333333335
878,2.1666666666666665,3.5
879,3.1666666666666665,4.166666666666667
880,19.666666666666668,14.166666666666666
881,2.3333333333333335,2.8333333333333335
882,2.5,0.8333333333333334
883,0.8333333333333334,2.6666666666666665
884,0.8333333333333334,2.6666666666666665
885,5.5,1.3333333333333333
886,3.8333333333333335,14.166666666666666
887,1.5,7.333333333333333
888,2.3333333333333335,2.1666666666666665
889,3.5,32.333333333333336
890,2.1666666666666665,3.0
891,2.6666666666666665,6.666666666666667
892,0.3333333333333333,3.5
893,1.3333333333333333,2.8333333333333335
894,2.0,3.0
895,1.5,2.1666666666666665
896,0.5,4.0
897,2.3333333333333335,2.3333333333333335
898,1.1666666666666667,2.8333333333333335
899,0.6666666666666666,2.8333333333333335
900,7.5,28.333333333333332
901,0.8333333333333334,2.0
902,0.8333333333333334,4.0
903,1.3333333333333333,5.5
904,1.1666666666666667,2.6666666666666665
905,7.166666666666667,1.5
906,16.833333333333332,41.5
907,0.6666666666666666,2.0
908,3.3333333333333335,9.333333333333334
909,20.166666666666668,110.66666666666667
910,9.166666666666666,20.5
911,64.0,179.0
912,38.0,86.0
913,14.0,30.0
914,15.333333333333334,17.166666666666668
915,7.0,30.0
916,19.5,61.333333333333336
917,15.0,22.333333333333332
918,21.0,17.0
919,18.666666666666668,22.166666666666668
920,23.0,28.0
921,20.333333333333332,20.833333333333332
922,10.166666666666666,58.333333333333336
923,10.666666666666666,60.333333333333336
924,14.333333333333334,25.833333333333332
925,8.0,21.0
926,6.0,52.833333333333336
927,15.0,14.0
928,53.333333333333336,73.5
929,5.5,16.0
930,24.0,59.166666666666664
931,5.333333333333333,18.166666666666668
932,2.6666666666666665,14.666666666666666
933,3.3333333333333335,5.666666666666667
934,6.5,10.333333333333334
935,8.333333333333334,18.666666666666668
936,4.0,9.333333333333334
937,7.166666666666667,11.333333333333334
938,26.333333333333332,33.833333333333336
939,9.5,12.666666666666666
940,5.333333333333333,11.5
941,26.333333333333332,36.166666666666664
942,21.833333333333332,23.166666666666668
943,7.166666666666667,14.333333333333334
944,22.333333333333332,31.666666666666668
945,31.333333333333332,39.0
946,13.833333333333334,14.666666666666666
947,7.333333333333333,12.0
948,5.5,8.0
949,8.5,16.0
950,34.166666666666664,37.0
951,9.833333333333334,10.833333333333334
952,9.333333333333334,6.0
953,25.166666666666668,29.166666666666668
954,5.666666666666667,5.333333333333333
955,12.333333333333334,15.666666666666666
956,6.5,8.0
957,27.166666666666668,19.833333333333332
958,14.333333333333334,20.0
959,19.833333333333332,22.166666666666668
960,4.333333333333333,11.5
961,22.5,37.166666666666664
962,20.0,27.166666666666668
963,5.166666666666667,8.0
964,9.166666666666666,5.666666666666667
965,12.0,30.166666666666668
966,18.5,19.166666666666668
967,4.833333333333333,24.5
968,4.0,6.166666666666667
969,7.833333333333333,9.5
970,8.333333333333334,4.5
971,10.666666666666666,18.5
972,12.5,14.5
973,7.833333333333333,18.333333333333332
974,4.0,3.0
975,10.166666666666666,7.666666666666667
976,6.666666666666667,9.5
977,19.666666666666668,10.0
978,5.0,10.166666666666666
979,12.166666666666666,17.666666666666668
980,18.333333333333332,18.666666666666668
981,1.3333333333333333,1.1666666666666667
982,43.166666666666664,65.16666666666667
983,8.666666666666666,16.333333333333332
984,9.0,5.333333333333333
985,13.166666666666666,16.0
986,1.5,8.5
987,15.333333333333334,9.0
988,5.0,9.833333333333334
989,5.333333333333333,12.333333333333334
990,6.5,8.0
991,2.0,7.0
992,10.333333333333334,17.833333333333332
993,4.5,13.166666666666666
994,5.833333333333333,6.166666666666667
995,3.3333333333333335,7.333333333333333
996,2.3333333333333335,5.5
997,7.833333333333333,10.5
998,4.5,13.5
999,5.0,6.0
1000,8.333333333333334,18.5
1001,8.5,10.333333333333334
1002,4.833333333333333,19.333333333333332
1003,17.0,27.333333333333332
1004,7.333333333333333,8.0
1005,7.333333333333333,25.833333333333332
1006,6.333333333333333,12.5
1007,4.333333333333333,20.666666666666668
1008,5.0,8.166666666666666
1009,12.833333333333334,17.5
1010,7.166666666666667,13.0
1011,7.166666666666667,7.166666666666667
1012,18.333333333333332,20.0
1013,8.833333333333334,7.333333333333333
1014,6.666666666666667,13.666666666666666
1015,2.6666666666666665,11.833333333333334
1016,33.0,42.333333333333336
1017,17.166666666666668,12.0
1018,4.833333333333333,7.833333333333333
1019,6.166666666666667,8.166666666666666
1020,2.5,7.833333333333333
1021,6.833333333333333,2.0
1022,5.666666666666667,12.5
1023,15.0,24.0
1024,4.666666666666667,8.166666666666666
1025,3.5,8.666666666666666
1026,9.5,17.833333333333332
1027,7.833333333333333,9.833333333333334
1028,5.166666666666667,3.1666666666666665
1029,3.5,6.666666666666667
1030,3.5,12.0
1031,4.166666666666667,7.0
1032,4.0,7.166666666666667
1033,9.666666666666666,12.333333333333334
1034,10.333333333333334,26.5
1035,0.5,5.666666666666667
1036,0.5,6.166666666666667
1037,1.8333333333333333,3.1666666666666665
1038,1.3333333333333333,3.1666666666666665
1039,2.0,7.833333333333333
1040,2.3333333333333335,8.666666666666666
1041,0.3333333333333333,7.166666666666667
1042,0.3333333333333333,2.8333333333333335
1043,1.8333333333333333,3.8333333333333335
1044,9.166666666666666,12.833333333333334
1045,19.333333333333332,24.0
1046,2.8333333333333335,3.8333333333333335
1047,0.5,4.833333333333333
1048,2.8333333333333335,4.5
1049,13.5,23.833333333333332
1050,2.8333333333333335,7.5
1051,6.0,9.333333333333334
1052,2.6666666666666665,7.166666666666667
1053,3.3333333333333335,6.166666666666667
1054,1.0,2.8333333333333335
1055,5.5,15.0
1056,0.6666666666666666,2.6666666666666665
1057,4.0,6.666666666666667
1058,5.333333333333333,4.666666666666667
1059,1.8333333333333333,9.333333333333334
1060,1.6666666666666667,2.5
1061,1.5,2.0
1062,1.5,3.1666666666666665
1063,4.666666666666667,4.833333333333333
1064,7.333333333333333,6.833333333333333
1065,2.5,3.3333333333333335
1066,0.3333333333333333,2.1666666666666665
1067,1.5,1.6666666666666667
1068,2.3333333333333335,7.333333333333333
1069,1.8333333333333333,4.5
1070,5.333333333333333,4.166666666666667
1071,1.5,2.6666666666666665
1072,12.333333333333334,14.166666666666666
1073,1.1666666666666667,3.8333333333333335
1074,6.166666666666667,7.333333333333333
1075,0.8333333333333334,7.333333333333333
1076,0.0,4.5
1077,0.8333333333333334,4.166666666666667
1078,2.5,4.833333333333333
1079,3.6666666666666665,6.5
1080,1.1666666666666667,5.333333333333333
1081,3.6666666666666665,3.1666666666666665
1082,1.1666666666666667,5.0
1083,0.0,4.166666666666667
1084,8.666666666666666,11.166666666666666
1085,0.5,3.0
1086,2.3333333333333335,8.0
1087,1.8333333333333333,4.333333333333333
1088,1.1666666666666667,2.6666666666666665
1089,3.0,1.6666666666666667
1090,3.5,8.5
1091,2.3333333333333335,2.3333333333333335
1092,4.666666666666667,5.5
1093,3.0,4.666666666666667
1094,2.3333333333333335,5.666666666666667
1095,4.833333333333333,8.0
1096,1.8333333333333333,2.8333333333333335
1097,9.333333333333334,11.666666666666666
1098,7.166666666666667,10.166666666666666
1099,2.3333333333333335,3.8333333333333335
1100,2.3333333333333335,5.666666666666667
1101,2.5,14.833333333333334
1102,2.1666666666666665,6.0
1103,0.5,2.3333333333333335
1104,15.0,16.833333333333332
1105,2.3333333333333335,3.6666666666666665
1106,4.5,4.166666666666667
1107,12.0,26.166666666666668
1108,2.3333333333333335,3.5
1109,2.6666666666666665,4.666666666666667
1110,6.666666666666667,8.333333333333334
1111,2.5,3.8333333333333335
1112,12.666666666666666,24.0
1113,8.166666666666666,7.0
1114,1.8333333333333333,2.8333333333333335
1115,2.6666666666666665,1.5
1116,2.3333333333333335,1.5
1117,1.8333333333333333,4.666666666666667
1118,1.6666666666666667,5.833333333333333
1119,6.5,19.5
1120,3.0,12.833333333333334
1121,12.166666666666666,14.333333333333334
1122,1.0,2.6666666666666665
1123,2.1666666666666665,6.333333333333333
1124,4.0,3.0
1125,7.833333333333333,4.0
1126,1.0,6.0
1127,3.3333333333333335,9.666666666666666
1128,6.166666666666667,5.333333333333333
1129,2.1666666666666665,5.5
1130,2.3333333333333335,2.6666666666666665
1131,1.0,1.3333333333333333
1132,0.6666666666666666,4.666666666666667
1133,0.6666666666666666,5.666666666666667
1134,3.8333333333333335,6.166666666666667
1135,6.166666666666667,13.5
1136,2.8333333333333335,9.333333333333334
1137,1.6666666666666667,3.6666666666666665
1138,2.8333333333333335,3.3333333333333335
1139,5.833333333333333,4.833333333333333
1140,4.5,10.166666666666666
1141,6.5,2.5
1142,2.3333333333333335,1.6666666666666667
1143,3.8333333333333335,4.333333333333333
1144,2.3333333333333335,1.6666666666666667
1145,2.3333333333333335,1.8333333333333333
1146,7.5,11.0
1147,4.5,3.5
1148,3.1666666666666665,3.8333333333333335
1149,3.0,3.6666666666666665
1150,1.0,2.6666666666666665
1151,4.833333333333333,6.0
1152,2.8333333333333335,3.6666666666666665
1153,2.3333333333333335,2.6666666666666665
1154,2.8333333333333335,10.333333333333334
1155,3.8333333333333335,3.3333333333333335
1156,1.6666666666666667,3.0
1157,4.0,7.166666666666667
1158,2.1666666666666665,2.8333333333333335
1159,6.833333333333333,7.166666666666667
1160,3.6666666666666665,5.833333333333333
1161,1.5,2.8333333333333335
1162,2.5,9.0
1163,1.6666666666666667,3.8333333333333335
1164,7.0,8.666666666666666
1165,1.3333333333333333,1.5
1166,0.5,2.5
1167,2.5,3.3333333333333335
1168,3.0,1.1666666666666667
1169,1.5,3.1666666666666665
1170,2.3333333333333335,1.0
1171,5.833333333333333,4.833333333333333
1172,2.0,2.6666666666666665
1173,2.6666666666666665,6.333333333333333
1174,0.6666666666666666,3.5
1175,9.0,32.0
1176,1.6666666666666667,3.5
1177,1.5,1.5
1178,0.6666666666666666,1.6666666666666667
1179,2.8333333333333335,2.5
1180,3.3333333333333335,5.333333333333333
1181,2.8333333333333335,5.0
1182,2.6666666666666665,7.833333333333333
1183,1.8333333333333333,5.333333333333333
1184,0.6666666666666666,5.833333333333333
1185,2.1666666666666665,0.3333333333333333
1186,0.6666666666666666,2.5
1187,1.0,6.5
1188,1.1666666666666667,3.1666666666666665
1189,1.8333333333333333,5.833333333333333
1190,0.3333333333333333,4.166666666666667
1191,0.8333333333333334,6.333333333333333
1192,8.666666666666666,11.833333333333334
1193,1.5,3.6666666666666665
1194,3.6666666666666665,5.5
1195,6.0,7.666666666666667
1196,3.5,0.6666666666666666
1197,12.0,1.6666666666666667
1198,0.8333333333333334,2.3333333333333335
1199,1.1666666666666667,1.1666666666666667
1200,8.0,1.5
1201,8.166666666666666,10.0
1202,4.166666666666667,7.333333333333333
1203,1.8333333333333333,2.1666666666666665
1204,0.8333333333333334,2.6666666666666665
1205,1.0,5.166666666666667
1206,2.0,11.0
1207,2.0,7.166666666666667
1208,1.5,2.6666666666666665
1209,1.1666666666666667,1.5
1210,2.6666666666666665,3.0
1211,1.5,2.5
1212,1.0,2.3333333333333335
1213,2.5,2.8333333333333335
1214,3.8333333333333335,5.166666666666667
1215,2.6666666666666665,3.6666666666666665
1216,2.6666666666666665,4.833333333333333
1217,3.3333333333333335,4.333333333333333
1218,3.3333333333333335,10.166666666666666
1219,2.3333333333333335,3.0
1220,1.5,4.333333333333333
1221,0.6666666666666666,3.3333333333333335
1222,2.3333333333333335,4.0
1223,0.8333333333333334,3.3333333333333335
1224,3.0,5.166666666666667
1225,2.5,2.6666666666666665
1226,1.8333333333333333,2.5
1227,0.8333333333333334,4.333333333333333
1228,1.5,2.3333333333333335
1229,1.8333333333333333,2.0
1230,1.3333333333333333,4.0
1231,4.666666666666667,6.0
1232,0.6666666666666666,2.0
1233,1.0,9.333333333333334
1234,0.8333333333333334,4.666666666666667
1235,3.5,4.833333333333333
1236,1.6666666666666667,1.1666666666666667
1237,2.5,10.666666666666666
1238,0.5,2.1666666666666665
1239,1.0,7.166666666666667
1240,1.5,3.6666666666666665
1241,8.0,10.333333333333334
1242,1.0,3.3333333333333335
1243,0.6666666666666666,2.6666666666666665
1244,4.166666666666667,9.833333333333334
1245,2.3333333333333335,2.3333333333333335
1246,1.8333333333333333,3.5
1247,1.1666666666666667,1.8333333333333333
1248,1.8333333333333333,1.8333333333333333
1249,0.5,5.0
1250,0.6666666666666666,1.3333333333333333
1251,3.1666666666666665,3.1666666666666665
1252,1.0,2.0
1253,1.1666666666666667,3.0
1254,4.0,2.1666666666666665
1255,5.666666666666667,9.5
1256,3.6666666666666665,3.5
1257,1.6666666666666667,5.833333333333333
1258,0.6666666666666666,5.166666666666667
1259,5.833333333333333,8.0
1260,1.5,1.8333333333333333
1261,0.6666666666666666,3.1666666666666665
1262,0.8333333333333334,2.3333333333333335
1263,0.3333333333333333,5.166666666666667
1264,0.8333333333333334,3.6666666666666665
1265,1.3333333333333333,3.0
1266,2.6666666666666665,5.5
1267,15.833333333333334,3.1666666666666665
1268,9.666666666666666,5.833333333333333
1269,2.0,10.833333333333334
1270,2.6666666666666665,2.1666666666666665
1271,2.0,5.833333333333333
1272,1.5,9.166666666666666
1273,0.3333333333333333,2.8333333333333335
1274,2.8333333333333335,2.5
1275,11.0,16.666666666666668
1276,1.5,1.8333333333333333
1277,6.0,3.3333333333333335
1278,2.3333333333333335,2.3333333333333335
1279,2.0,3.0
1280,2.8333333333333335,1.6666666666666667
1281,2.3333333333333335,2.5
1282,1.8333333333333333,2.5
1283,1.6666666666666667,2.0
1284,2.5,12.333333333333334
1285,2.0,2.8333333333333335
1286,2.5,15.5
1287,2.1666666666666665,1.5
1288,0.8333333333333334,2.1666666666666665
1289,7.833333333333333,7.166666666666667
1290,1.6666666666666667,4.5
1291,0.8333333333333334,4.833333333333333
1292,0.0,2.5
1293,2.5,3.3333333333333335
1294,0.5,2.0
1295,1.3333333333333333,1.6666666666666667
1296,6.0,9.0
1297,5.666666666666667,8.5
1298,5.833333333333333,8.5
1299,0.6666666666666666,2.8333333333333335
1300,1.8333333333333333,2.3333333333333335
1301,1.5,1.6666666666666667
1302,1.0,1.0
1303,4.333333333333333,0.6666666666666666
1304,1.0,2.1666666666666665
1305,4.5,1.0
1306,1.1666666666666667,3.8333333333333335
1307,0.6666666666666666,1.6666666666666667
1308,1.8333333333333333,3.0
1309,0.6666666666666666,3.3333333333333335
1310,3.1666666666666665,6.5
1311,0.8333333333333334,7.0
1312,3.8333333333333335,3.8333333333333335
1313,1.3333333333333333,2.6666666666666665
1314,2.8333333333333335,3.3333333333333335
1315,1.3333333333333333,4.166666666666667
1316,1.3333333333333333,2.0
1317,2.5,2.6666666666666665
1318,2.0,2.5
1319,7.666666666666667,11.333333333333334
1320,1.0,2.5
1321,8.333333333333334,18.833333333333332
1322,1.8333333333333333,3.5
1323,1.3333333333333333,4.833333333333333
1324,1.1666666666666667,1.6666666666666667
1325,2.1666666666666665,4.833333333333333
1326,2.1666666666666665,2.5
1327,1.3333333333333333,2.8333333333333335
1328,1.8333333333333333,2.1666666666666665
1329,6.166666666666667,6.333333333333333
1330,2.6666666666666665,1.5
1331,0.6666666666666666,3.1666666666666665
1332,2.0,2.5
1333,2.3333333333333335,6.0
1334,1.0,3.6666666666666665
1335,0.6666666666666666,2.1666666666666665
1336,1.5,3.6666666666666665
1337,1.1666666666666667,4.666666666666667
1338,1.8333333333333333,2.8333333333333335
1339,5.666666666666667,1.8333333333333333
1340,0.5,1.5
1341,1.1666666666666667,1.8333333333333333
1342,2.0,4.0
1343,1.1666666666666667,6.166666666666667
1344,1.0,3.5
1345,0.5,2.3333333333333335
1346,2.0,2.5
1347,10.0,4.666666666666667
1348,4.0,7.833333333333333
1349,1.5,2.5
1350,2.0,1.1666666666666667
1351,3.5,0.5
1352,1.1666666666666667,2.8333333333333335
1353,4.333333333333333,3.8333333333333335
1354,0.6666666666666666,1.6666666666666667
1355,7.833333333333333,6.166666666666667
1356,1.1666666666666667,2.3333333333333335
1357,1.6666666666666667,9.333333333333334
1358,10.5,10.833333333333334
1359,3.1666666666666665,3.3333333333333335
1360,6.5,9.333333333333334
1361,9.0,3.6666666666666665
1362,3.1666666666666665,3.5
1363,3.1666666666666665,3.0
1364,0.6666666666666666,2.1666666666666665
1365,1.8333333333333333,2.0
1366,2.3333333333333335,8.666666666666666
1367,1.8333333333333333,2.1666666666666665
1368,2.0,2.0
1369,0.6666666666666666,2.0
1370,1.8333333333333333,1.6666666666666667
1371,1.3333333333333333,3.5
1372,2.5,5.333333333333333
1373,2.0,2.6666666666666665
1374,1.8333333333333333,2.6666666666666665
1375,4.0,12.166666666666666
1376,0.8333333333333334,4.0
1377,2.3333333333333335,6.5
1378,2.3333333333333335,2.0
1379,5.833333333333333,1.3333333333333333
1380,3.6666666666666665,1.1666666666666667
1381,2.3333333333333335,1.6666666666666667
1382,2.1666666666666665,1.3333333333333333
1383,2.0,1.1666666666666667
1384,0.8333333333333334,2.8333333333333335
1385,2.6666666666666665,3.0
1386,2.6666666666666665,2.0
1387,1.1666666666666667,5.166666666666667
1388,1.6666666666666667,2.5
1389,2.0,2.3333333333333335
1390,1.0,1.8333333333333333
1391,3.8333333333333335,3.0
1392,2.0,1.5
1393,1.6666666666666667,2.5
1394,1.3333333333333333,2.1666666666666665
1395,2.1666666666666665,2.0
1396,2.5,5.333333333333333
1397,1.5,5.166666666666667
1398,1.5,3.6666666666666665
1399,0.5,1.8333333333333333
1400,2.6666666666666665,4.833333333333333
1401,5.166666666666667,7.5
1402,1.5,2.1666666666666665
1403,1.1666666666666667,5.833333333333333
1404,1.1666666666666667,2.3333333333333335
1405,2.6666666666666665,1.3333333333333333
1406,0.6666666666666666,5.166666666666667
1407,2.0,2.1666666666666665
1408,2.1666666666666665,7.166666666666667
1409,2.5,0.8333333333333334
1410,1.0,3.8333333333333335
1411,1.0,2.0
1412,6.333333333333333,0.5
1413,1.8333333333333333,2.5
1414,2.1666666666666665,1.3333333333333333
1415,3.0,2.0
1416,1.3333333333333333,2.6666666666666665
1417,3.1666666666666665,4.833333333333333
1418,1.8333333333333333,6.333333333333333
1419,8.333333333333334,10.833333333333334
1420,1.8333333333333333,0.3333333333333333
1421,1.1666666666666667,1.6666666666666667
1422,1.1666666666666667,1.8333333333333333
1423,1.3333333333333333,1.6666666666666667
1424,2.3333333333333335,0.8333333333333334
1425,4.666666666666667,1.3333333333333333
1426,2.0,3.3333333333333335
1427,0.3333333333333333,2.8333333333333335
1428,2.5,1.0
1429,1.5,2.1666666666666665
1430,1.8333333333333333,1.1666666666666667
1431,5.666666666666667,1.1666666666666667
1432,0.6666666666666666,5.666666666666667
1433,3.3333333333333335,5.166666666666667
1434,1.6666666666666667,2.5
1435,0.8333333333333334,3.8333333333333335
1436,2.1666666666666665,2.3333333333333335
1437,1.5,5.5
1438,2.6666666666666665,3.5
1439,2.0,2.3333333333333335
1440,0.6666666666666666,3.3333333333333335
1441,0.8333333333333334,2.8333333333333335
1442,0.6666666666666666,2.3333333333333335
1443,1.0,2.5
1444,1.0,2.6666666666666665
1445,3.8333333333333335,1.0
1446,5.333333333333333,16.833333333333332
1447,2.1666666666666665,4.0
1448,1.1666666666666667,2.1666666666666665
1449,0.6666666666666666,3.5
1450,1.1666666666666667,2.0
1451,2.5,9.833333333333334
1452,3.6666666666666665,5.333333333333333
1453,2.1666666666666665,2.8333333333333335
1454,2.5,0.8333333333333334
1455,3.3333333333333335,6.333333333333333
1456,2.6666666666666665,3.5
1457,1.8333333333333333,12.166666666666666
1458,2.1666666666666665,1.3333333333333333
1459,0.6666666666666666,2.6666666666666665
1460,1.3333333333333333,1.6666666666666667
1461,0.8333333333333334,2.1666666666666665
1462,2.5,2.8333333333333335
1463,2.3333333333333335,2.0
1464,0.8333333333333334,1.6666666666666667
1465,1.0,2.3333333333333335
1466,0.8333333333333334,4.333333333333333
1467,2.1666666666666665,7.166666666666667
1468,1.5,4.0
1469,2.8333333333333335,1.5
1470,1.0,6.166666666666667
1471,2.6666666666666665,1.3333333333333333
1472,1.1666666666666667,2.3333333333333335
1473,1.1666666666666667,2.8333333333333335
1474,5.0,9.0
1475,15.833333333333334,29.0
1476,4.666666666666667,15.166666666666666
1477,0.5,3.5
1478,1.6666666666666667,2.3333333333333335
1479,3.1666666666666665,6.166666666666667
1480,2.0,2.6666666666666665
1481,0.6666666666666666,2.5
1482,3.5,7.666666666666667
1483,0.8333333333333334,3.8333333333333335
1484,10.666666666666666,13.333333333333334
1485,2.3333333333333335,6.5
1486,0.6666666666666666,3.1666666666666665
1487,2.1666666666666665,3.3333333333333335
1488,2.1666666666666665,3.3333333333333335
1489,0.5,3.1666666666666665
1490,2.3333333333333335,3.0
1491,2.3333333333333335,3.1666666666666665
1492,1.3333333333333333,1.8333333333333333
1493,3.0,1.8333333333333333
1494,0.6666666666666666,2.6666666666666665
1495,3.5,5.0
1496,1.0,3.8333333333333335
1497,0.6666666666666666,4.0
1498,2.6666666666666665,4.333333333333333
1499,1.8333333333333333,3.0
1500,0.3333333333333333,2.3333333333333335
1501,4.0,1.3333333333333333
1502,1.0,1.8333333333333333
1503,1.0,2.3333333333333335
1504,1.3333333333333333,3.3333333333333335
1505,2.1666666666666665,1.5
1506,2.0,1.1666666666666667
1507,5.166666666666667,2.0
1508,2.8333333333333335,0.6666666666666666
1509,3.1666666666666665,1.6666666666666667
1510,2.0,2.8333333333333335
1511,2.5,3.8333333333333335
1512,1.5,10.5
1513,1.8333333333333333,0.3333333333333333
1514,1.5,2.5
1515,5.166666666666667,8.166666666666666
1516,2.1666666666666665,1.5
1517,0.8333333333333334,3.6666666666666665
1518,1.0,2.0
1519,0.5,2.8333333333333335
1520,0.3333333333333333,4.0
1521,2.0,2.5
1522,0.5,1.3333333333333333
1523,1.3333333333333333,4.0
1524,3.0,6.833333333333333
1525,1.6666666666666667,4.5
1526,0.8333333333333334,4.666666666666667
1527,1.0,3.8333333333333335
1528,1.6666666666666667,2.8333333333333335
1529,2.3333333333333335,2.6666666666666665
1530,2.1666666666666665,9.833333333333334
1531,0.5,3.8333333333333335
1532,5.5,9.833333333333334
1533,1.1666666666666667,2.1666666666666665
1534,0.8333333333333334,2.5
1535,0.6666666666666666,2.1666666666666665
1536,2.3333333333333335,0.16666666666666666
1537,2.0,0.6666666666666666
1538,2.8333333333333335,1.3333333333333333
1539,6.666666666666667,0.8333333333333334
1540,2.5,0.3333333333333333
1541,2.1666666666666665,3.5
1542,1.6666666666666667,0.3333333333333333
1543,2.6666666666666665,3.1666666666666665
1544,1.1666666666666667,2.3333333333333335
1545,5.333333333333333,5.833333333333333
1546,3.5,8.666666666666666
1547,1.5,4.5
1548,0.8333333333333334,3.0
1549,1.5,3.6666666666666665
1550,1.8333333333333333,7.0
1551,1.6666666666666667,2.3333333333333335
1552,1.6666666666666667,2.6666666666666665
1553,1.3333333333333333,2.0
1554,2.3333333333333335,2.6666666666666665
1555,4.166666666666667,4.333333333333333
1556,1.3333333333333333,4.833333333333333
1557,0.8333333333333334,2.5
1558,1.8333333333333333,2.3333333333333335
1559,1.3333333333333333,4.333333333333333
1560,0.8333333333333334,4.5
1561,1.1666666666666667,1.8333333333333333
1562,0.8333333333333334,2.6666666666666665
1563,1.0,4.666666666666667
1564,0.6666666666666666,3.6666666666666665
1565,0.3333333333333333,5.0
1566,2.5,1.8333333333333333
1567,1.1666666666666667,1.1666666666666667
1568,1.6666666666666667,2.1666666666666665
1569,3.1666666666666665,4.0
1570,1.8333333333333333,3.8333333333333335
1571,1.0,1.5
1572,0.6666666666666666,2.3333333333333335
1573,5.0,6.5
1574,1.1666666666666667,2.1666666666666665
1575,1.8333333333333333,2.6666666666666665
1576,0.5,2.3333333333333335
1577,1.0,1.6666666666666667
1578,1.8333333333333333,2.6666666666666665
1579,0.16666666666666666,2.8333333333333335
1580,0.5,4.5
1581,0.6666666666666666,3.0
1582,0.16666666666666666,6.166666666666667
1583,1.0,2.6666666666666665
1584,1.8333333333333333,2.8333333333333335
1585,1.5,3.3333333333333335
1586,1.0,5.666666666666667
1587,2.0,2.1666666666666665
1588,2.3333333333333335,1.5
1589,13.0,25.333333333333332
1590,2.6666666666666665,7.0
1591,1.1666666666666667,8.166666666666666
1592,0.6666666666666666,3.6666666666666665
1593,0.6666666666666666,3.6666666666666665
1594,1.6666666666666667,7.333333333333333
1595,4.0,8.5
1596,7.5,8.0
1597,7.5,11.0
1598,3.5,7.0
1599,1.0,3.1666666666666665
1600,0.8333333333333334,2.6666666666666665
1601,0.8333333333333334,2.3333333333333335
1602,2.0,2.0
1603,3.6666666666666665,3.0
1604,1.3333333333333333,2.3333333333333335
1605,3.1666666666666665,1.0
1606,2.3333333333333335,1.0
1607,2.1666666666666665,1.1666666666666667
1608,1.0,1.8333333333333333
1609,1.0,2.5
1610,3.8333333333333335,4.833333333333333
1611,1.5,2.5
1612,1.3333333333333333,3.3333333333333335
1613,4.5,7.333333333333333
1614,1.1666666666666667,4.333333333333333
1615,4.666666666666667,2.5
1616,1.6666666666666667,8.0
1617,1.1666666666666667,8.166666666666666
1618,1.1666666666666667,6.333333333333333
1619,1.3333333333333333,2.6666666666666665
1620,1.6666666666666667,2.8333333333333335
1621,3.3333333333333335,3.0
1622,3.6666666666666665,0.8333333333333334
1623,5.0,4.833333333333333
1624,4.833333333333333,9.0
1625,2.3333333333333335,5.0
1626,3.6666666666666665,3.1666666666666665
1627,3.3333333333333335,4.333333333333333
1628,5.5,11.166666666666666
1629,1.3333333333333333,1.6666666666666667
1630,1.5,1.6666666666666667
1631,5.0,2.6666666666666665
1632,4.333333333333333,3.0
1633,1.5,1.1666666666666667
1634,1.5,1.3333333333333333
1635,1.6666666666666667,7.666666666666667
1636,2.8333333333333335,0.8333333333333334
1637,4.0,2.0
1638,2.6666666666666665,4.333333333333333
1639,1.3333333333333333,1.6666666666666667
1640,1.0,9.0
1641,2.3333333333333335,5.333333333333333
1642,2.0,3.8333333333333335
1643,0.3333333333333333,3.6666666666666665
1644,0.3333333333333333,3.6666666666666665
1645,0.3333333333333333,3.6666666666666665
1646,0.3333333333333333,3.6666666666666665
1647,2.0,2.1666666666666665
1648,0.5,4.5
1649,0.5,4.5
1650,0.5,4.5
1651,0.5,4.5
1652,1.5,12.833333333333334
1653,0.3333333333333333,4.166666666666667
1654,1.5,3.6666666666666665
1655,1.0,2.3333333333333335
1656,1.1666666666666667,3.1666666666666665
1657,0.8333333333333334,2.5
1658,1.6666666666666667,1.5
1659,13.0,26.833333333333332
1660,1.1666666666666667,1.8333333333333333
1661,25.666666666666668,37.333333333333336
1662,4.666666666666667,6.333333333333333
1663,1.0,2.6666666666666665
1664,1.1666666666666667,6.333333333333333
1665,1.8333333333333333,3.5
1666,4.5,6.666666666666667
1667,2.6666666666666665,6.5
1668,2.5,2.0
1669,2.0,3.5
1670,3.1666666666666665,5.666666666666667
1671,1.8333333333333333,5.0
1672,0.8333333333333334,2.0
1673,3.0,6.166666666666667
1674,1.1666666666666667,1.6666666666666667
1675,1.8333333333333333,1.8333333333333333
1676,1.8333333333333333,1.8333333333333333
1677,1.5,2.8333333333333335
1678,2.1666666666666665,3.6666666666666665
1679,3.5,8.833333333333334
1680,1.3333333333333333,2.1666666666666665
1681,1.0,2.0
1682,0.8333333333333334,1.5
1683,1.1666666666666667,1.6666666666666667
1684,1.3333333333333333,1.5
1685,0.8333333333333334,1.8333333333333333
1686,1.1666666666666667,0.8333333333333334
1687,1.3333333333333333,1.8333333333333333
1688,1.1666666666666667,1.0
1689,1.1666666666666667,1.0
1690,2.1666666666666665,1.8333333333333333
1691,1.6666666666666667,3.6666666666666665
1692,1.5,2.6666666666666665
1693,1.6666666666666667,1.1666666666666667
1694,1.3333333333333333,4.833333333333333
1695,3.5,7.666666666666667
1696,1.1666666666666667,2.1666666666666665
1697,1.0,2.5
1698,2.1666666666666665,3.5
1699,2.1666666666666665,4.333333333333333
1700,2.3333333333333335,3.1666666666666665
1701,0.8333333333333334,2.3333333333333335
1702,1.3333333333333333,2.6666666666666665
1703,0.6666666666666666,2.1666666666666665
1704,1.6666666666666667,2.6666666666666665
1705,1.6666666666666667,1.3333333333333333
1706,0.8333333333333334,3.0
1707,5.666666666666667,9.0
1708,1.8333333333333333,3.1666666666666665
1709,1.1666666666666667,2.5
1710,1.5,2.0
1711,1.3333333333333333,2.0
1712,3.3333333333333335,4.333333333333333
1713,2.6666666666666665,3.8333333333333335
1714,3.3333333333333335,6.0
1715,1.1666666666666667,3.6666666666666665
1716,2.1666666666666665,2.8333333333333335
1717,1.5,2.5
1718,1.0,2.6666666666666665
1719,1.6666666666666667,3.0
1720,2.0,1.6666666666666667
1721,1.3333333333333333,4.0
1722,1.6666666666666667,1.8333333333333333
1723,1.6666666666666667,1.8333333333333333
1724,1.1666666666666667,2.8333333333333335
1725,1.3333333333333333,3.3333333333333335
1726,1.0,2.5
1727,3.0,5.0
1728,1.6666666666666667,3.3333333333333335
1729,1.1666666666666667,2.1666666666666665
1730,1.5,3.6666666666666665
1731,3.8333333333333335,4.166666666666667
1732,2.1666666666666665,1.8333333333333333
1733,3.5,1.0
1734,1.8333333333333333,4.666666666666667
1735,4.833333333333333,4.5
1736,1.8333333333333333,2.1666666666666665
1737,3.3333333333333335,5.5
1738,0.8333333333333334,2.5
